flight_id,flight_no,scheduled_departure,scheduled_arrival,departure_airport,departure_city,arrival_airport,arrival_city,actual_departure,actual_arrival,departure_delay,arrival_delay,sum_price_tiket,flight_time,tons_of_fuel_per_hour,price_per_tons_fuel_per_month,—Åosts_per_hour,flight_profit
136119,PG0252,2017-01-03T10:05:00Z,2017-01-03T11:45:00Z,AAQ,Anapa,SVO,Moscow,2017-01-03T10:08:00Z,2017-01-03T11:49:00Z,3.0,4.0,1653000.00,1.6833333333333333,2.6000000000000000,48893,213988.36333333334,1439011.6366666667
136120,PG0252,2017-02-24T10:05:00Z,2017-02-24T11:45:00Z,AAQ,Anapa,SVO,Moscow,2017-02-24T10:07:00Z,2017-02-24T11:46:00Z,2.0,1.0,1605400.00,1.65,2.6000000000000000,46672,200222.87999999998,1405177.12
136122,PG0252,2017-01-08T10:05:00Z,2017-01-08T11:45:00Z,AAQ,Anapa,SVO,Moscow,2017-01-08T10:08:00Z,2017-01-08T11:48:00Z,3.0,3.0,1431000.00,1.6666666666666667,2.6000000000000000,48893,211869.6666666667,1219130.3333333333
136130,PG0252,2017-02-13T10:05:00Z,2017-02-13T11:45:00Z,AAQ,Anapa,SVO,Moscow,2017-02-13T10:07:00Z,2017-02-13T11:46:00Z,2.0,1.0,1556600.00,1.65,2.6000000000000000,46672,200222.87999999998,1356377.12
136131,PG0252,2017-01-28T10:05:00Z,2017-01-28T11:45:00Z,AAQ,Anapa,SVO,Moscow,2017-01-28T10:07:00Z,2017-01-28T11:46:00Z,2.0,1.0,1812800.00,1.65,2.6000000000000000,48893,209750.97,1603049.03
136132,PG0252,2017-02-15T10:05:00Z,2017-02-15T11:45:00Z,AAQ,Anapa,SVO,Moscow,2017-02-15T10:09:00Z,2017-02-15T11:48:00Z,4.0,3.0,1714000.00,1.65,2.6000000000000000,46672,200222.87999999998,1513777.12
136135,PG0252,2017-02-01T10:05:00Z,2017-02-01T11:45:00Z,AAQ,Anapa,SVO,Moscow,2017-02-01T10:08:00Z,2017-02-01T11:48:00Z,3.0,3.0,1678600.00,1.6666666666666667,2.6000000000000000,46672,202245.33333333334,1476354.6666666665
136141,PG0252,2016-12-12T10:05:00Z,2016-12-12T11:45:00Z,AAQ,Anapa,SVO,Moscow,2016-12-12T10:08:00Z,2016-12-12T11:50:00Z,3.0,5.0,1603000.00,1.7,2.6000000000000000,45863,202714.46,1400285.54
136143,PG0252,2016-12-14T10:05:00Z,2016-12-14T11:45:00Z,AAQ,Anapa,SVO,Moscow,2016-12-14T10:06:00Z,2016-12-14T11:46:00Z,1.0,1.0,1554200.00,1.6666666666666667,2.6000000000000000,45863,198739.6666666667,1355460.3333333333
136146,PG0252,2017-02-09T10:05:00Z,2017-02-09T11:45:00Z,AAQ,Anapa,SVO,Moscow,2017-02-09T10:08:00Z,2017-02-09T11:48:00Z,3.0,3.0,1604200.00,1.6666666666666667,2.6000000000000000,46672,202245.33333333334,1401954.6666666665
136159,PG0252,2017-01-04T10:05:00Z,2017-01-04T11:45:00Z,AAQ,Anapa,SVO,Moscow,2017-01-04T10:07:00Z,2017-01-04T11:45:00Z,2.0,0.0,1700600.00,1.6333333333333333,2.6000000000000000,48893,207632.27333333335,1492967.7266666666
136164,PG0252,2017-01-07T10:05:00Z,2017-01-07T11:45:00Z,AAQ,Anapa,SVO,Moscow,2017-01-07T10:07:00Z,2017-01-07T11:46:00Z,2.0,1.0,1738400.00,1.65,2.6000000000000000,48893,209750.97,1528649.03
136165,PG0252,2017-02-22T10:05:00Z,2017-02-22T11:45:00Z,AAQ,Anapa,SVO,Moscow,2017-02-22T10:11:00Z,2017-02-22T11:52:00Z,6.0,7.0,1567600.00,1.6833333333333333,2.6000000000000000,46672,204267.78666666665,1363332.2133333334
136172,PG0252,2017-01-15T10:05:00Z,2017-01-15T11:45:00Z,AAQ,Anapa,SVO,Moscow,2017-01-15T10:05:00Z,2017-01-15T11:44:00Z,0.0,-1.0,1617600.00,1.65,2.6000000000000000,48893,209750.97,1407849.03
136178,PG0252,2017-01-29T10:05:00Z,2017-01-29T11:45:00Z,AAQ,Anapa,SVO,Moscow,2017-01-29T10:10:00Z,2017-01-29T11:49:00Z,5.0,4.0,1434600.00,1.65,2.6000000000000000,48893,209750.97,1224849.03
136181,PG0252,2017-01-31T10:05:00Z,2017-01-31T11:45:00Z,AAQ,Anapa,SVO,Moscow,2017-01-31T10:05:00Z,2017-01-31T11:44:00Z,0.0,-1.0,1689600.00,1.65,2.6000000000000000,48893,209750.97,1479849.03
136185,PG0252,2017-01-14T10:05:00Z,2017-01-14T11:45:00Z,AAQ,Anapa,SVO,Moscow,2017-01-14T10:06:00Z,2017-01-14T11:49:00Z,1.0,4.0,1520000.00,1.7166666666666666,2.6000000000000000,48893,218225.75666666665,1301774.2433333334
136187,PG0252,2016-12-01T10:05:00Z,2016-12-01T11:45:00Z,AAQ,Anapa,SVO,Moscow,2016-12-01T10:09:00Z,2016-12-01T11:49:00Z,4.0,4.0,1873800.00,1.6666666666666667,2.6000000000000000,45863,198739.6666666667,1675060.3333333333
136202,PG0252,2017-01-05T10:05:00Z,2017-01-05T11:45:00Z,AAQ,Anapa,SVO,Moscow,2017-01-05T10:07:00Z,2017-01-05T11:49:00Z,2.0,4.0,1495600.00,1.7,2.6000000000000000,48893,216107.06,1279492.94
136204,PG0252,2017-02-23T10:05:00Z,2017-02-23T11:45:00Z,AAQ,Anapa,SVO,Moscow,2017-02-23T10:06:00Z,2017-02-23T11:46:00Z,1.0,1.0,1457800.00,1.6666666666666667,2.6000000000000000,46672,202245.33333333334,1255554.6666666665
136207,PG0252,2016-12-27T10:05:00Z,2016-12-27T11:45:00Z,AAQ,Anapa,SVO,Moscow,2016-12-27T10:07:00Z,2016-12-27T11:48:00Z,2.0,3.0,1567600.00,1.6833333333333333,2.6000000000000000,45863,200727.06333333335,1366872.9366666665
136209,PG0252,2017-01-06T10:05:00Z,2017-01-06T11:45:00Z,AAQ,Anapa,SVO,Moscow,2017-01-06T10:09:00Z,2017-01-06T11:49:00Z,4.0,4.0,1615200.00,1.6666666666666667,2.6000000000000000,48893,211869.6666666667,1403330.3333333333
136210,PG0252,2016-12-21T10:05:00Z,2016-12-21T11:45:00Z,AAQ,Anapa,SVO,Moscow,2016-12-21T10:08:00Z,2016-12-21T11:48:00Z,3.0,3.0,1711600.00,1.6666666666666667,2.6000000000000000,45863,198739.6666666667,1512860.3333333333
136215,PG0252,2017-02-28T10:05:00Z,2017-02-28T11:45:00Z,AAQ,Anapa,SVO,Moscow,2017-02-28T10:09:00Z,2017-02-28T11:49:00Z,4.0,4.0,1664000.00,1.6666666666666667,2.6000000000000000,46672,202245.33333333334,1461754.6666666665
136223,PG0252,2016-12-13T10:05:00Z,2016-12-13T11:45:00Z,AAQ,Anapa,SVO,Moscow,2016-12-13T10:06:00Z,2016-12-13T11:47:00Z,1.0,2.0,1751800.00,1.6833333333333333,2.6000000000000000,45863,200727.06333333335,1551072.9366666665
136226,PG0252,2017-01-30T10:05:00Z,2017-01-30T11:45:00Z,AAQ,Anapa,SVO,Moscow,2017-01-30T10:08:00Z,2017-01-30T11:48:00Z,3.0,3.0,1886000.00,1.6666666666666667,2.6000000000000000,48893,211869.6666666667,1674130.3333333333
136244,PG0252,2016-12-22T10:05:00Z,2016-12-22T11:45:00Z,AAQ,Anapa,SVO,Moscow,2016-12-22T10:08:00Z,2016-12-22T11:47:00Z,3.0,2.0,1703000.00,1.65,2.6000000000000000,45863,196752.27,1506247.73
136249,PG0252,2017-02-14T10:05:00Z,2017-02-14T11:45:00Z,AAQ,Anapa,SVO,Moscow,2017-02-14T10:08:00Z,2017-02-14T11:46:00Z,3.0,1.0,1800600.00,1.6333333333333333,2.6000000000000000,46672,198200.42666666667,1602399.5733333332
136250,PG0252,2017-02-08T10:05:00Z,2017-02-08T11:45:00Z,AAQ,Anapa,SVO,Moscow,2017-02-08T10:06:00Z,2017-02-08T11:47:00Z,1.0,2.0,1407800.00,1.6833333333333333,2.6000000000000000,46672,204267.78666666665,1203532.2133333334
136252,PG0252,2016-12-20T10:05:00Z,2016-12-20T11:45:00Z,AAQ,Anapa,SVO,Moscow,2016-12-20T10:05:00Z,2016-12-20T11:46:00Z,0.0,1.0,1517600.00,1.6833333333333333,2.6000000000000000,45863,200727.06333333335,1316872.9366666665
136253,PG0252,2016-12-24T10:05:00Z,2016-12-24T11:45:00Z,AAQ,Anapa,SVO,Moscow,2016-12-24T10:08:00Z,2016-12-24T11:46:00Z,3.0,1.0,1407800.00,1.6333333333333333,2.6000000000000000,45863,194764.87333333332,1213035.1266666667
136257,PG0252,2016-12-18T10:05:00Z,2016-12-18T11:45:00Z,AAQ,Anapa,SVO,Moscow,2016-12-18T10:09:00Z,2016-12-18T11:49:00Z,4.0,4.0,1628600.00,1.6666666666666667,2.6000000000000000,45863,198739.6666666667,1429860.3333333333
136262,PG0252,2016-12-28T10:05:00Z,2016-12-28T11:45:00Z,AAQ,Anapa,SVO,Moscow,2016-12-28T10:10:00Z,2016-12-28T11:49:00Z,5.0,4.0,1861600.00,1.65,2.6000000000000000,45863,196752.27,1664847.73
136264,PG0252,2017-02-18T10:05:00Z,2017-02-18T11:45:00Z,AAQ,Anapa,SVO,Moscow,2017-02-18T10:07:00Z,2017-02-18T11:47:00Z,2.0,2.0,1690800.00,1.6666666666666667,2.6000000000000000,46672,202245.33333333334,1488554.6666666665
136266,PG0252,2017-02-27T10:05:00Z,2017-02-27T11:45:00Z,AAQ,Anapa,SVO,Moscow,2017-02-27T10:08:00Z,2017-02-27T11:48:00Z,3.0,3.0,1566400.00,1.6666666666666667,2.6000000000000000,46672,202245.33333333334,1364154.6666666665
136268,PG0252,2017-02-16T10:05:00Z,2017-02-16T11:45:00Z,AAQ,Anapa,SVO,Moscow,2017-02-16T10:08:00Z,2017-02-16T11:49:00Z,3.0,4.0,1676200.00,1.6833333333333333,2.6000000000000000,46672,204267.78666666665,1471932.2133333334
136269,PG0252,2017-02-11T10:05:00Z,2017-02-11T11:45:00Z,AAQ,Anapa,SVO,Moscow,2017-02-11T10:13:00Z,2017-02-11T11:53:00Z,8.0,8.0,1605400.00,1.6666666666666667,2.6000000000000000,46672,202245.33333333334,1403154.6666666665
136270,PG0252,2017-02-12T10:05:00Z,2017-02-12T11:45:00Z,AAQ,Anapa,SVO,Moscow,2017-02-12T10:12:00Z,2017-02-12T11:51:00Z,7.0,6.0,1628600.00,1.65,2.6000000000000000,46672,200222.87999999998,1428377.12
136273,PG0252,2016-12-09T10:05:00Z,2016-12-09T11:45:00Z,AAQ,Anapa,SVO,Moscow,2016-12-09T10:06:00Z,2016-12-09T11:45:00Z,1.0,0.0,1873800.00,1.65,2.6000000000000000,45863,196752.27,1677047.73
136275,PG0252,2017-01-13T10:05:00Z,2017-01-13T11:45:00Z,AAQ,Anapa,SVO,Moscow,2017-01-13T10:08:00Z,2017-01-13T11:46:00Z,3.0,1.0,1825000.00,1.6333333333333333,2.6000000000000000,48893,207632.27333333335,1617367.7266666666
136282,PG0252,2017-01-16T10:05:00Z,2017-01-16T11:45:00Z,AAQ,Anapa,SVO,Moscow,2017-01-16T10:07:00Z,2017-01-16T11:48:00Z,2.0,3.0,1518800.00,1.6833333333333333,2.6000000000000000,48893,213988.36333333334,1304811.6366666667
136284,PG0252,2017-02-07T10:05:00Z,2017-02-07T11:45:00Z,AAQ,Anapa,SVO,Moscow,2017-02-07T10:07:00Z,2017-02-07T11:48:00Z,2.0,3.0,1677400.00,1.6833333333333333,2.6000000000000000,46672,204267.78666666665,1473132.2133333334
136293,PG0252,2017-01-23T10:05:00Z,2017-01-23T11:45:00Z,AAQ,Anapa,SVO,Moscow,2017-01-23T10:09:00Z,2017-01-23T11:48:00Z,4.0,3.0,1689600.00,1.65,2.6000000000000000,48893,209750.97,1479849.03
136296,PG0252,2016-12-29T10:05:00Z,2016-12-29T11:45:00Z,AAQ,Anapa,SVO,Moscow,2016-12-29T10:07:00Z,2016-12-29T11:46:00Z,2.0,1.0,1678600.00,1.65,2.6000000000000000,45863,196752.27,1481847.73
136306,PG0252,2016-12-04T10:05:00Z,2016-12-04T11:45:00Z,AAQ,Anapa,SVO,Moscow,2016-12-04T10:10:00Z,2016-12-04T11:50:00Z,5.0,5.0,1443200.00,1.6666666666666667,2.6000000000000000,45863,198739.6666666667,1244460.3333333333
136310,PG0252,2017-01-22T10:05:00Z,2017-01-22T11:45:00Z,AAQ,Anapa,SVO,Moscow,2017-01-22T10:07:00Z,2017-01-22T11:47:00Z,2.0,2.0,1654200.00,1.6666666666666667,2.6000000000000000,48893,211869.6666666667,1442330.3333333333
136316,PG0252,2017-01-12T10:05:00Z,2017-01-12T11:45:00Z,AAQ,Anapa,SVO,Moscow,2017-01-12T10:07:00Z,2017-01-12T11:47:00Z,2.0,2.0,1886000.00,1.6666666666666667,2.6000000000000000,48893,211869.6666666667,1674130.3333333333
136318,PG0252,2016-12-17T10:05:00Z,2016-12-17T11:45:00Z,AAQ,Anapa,SVO,Moscow,2016-12-17T10:07:00Z,2016-12-17T11:49:00Z,2.0,4.0,1544400.00,1.7,2.6000000000000000,45863,202714.46,1341685.54
136320,PG0252,2017-02-19T10:05:00Z,2017-02-19T11:45:00Z,AAQ,Anapa,SVO,Moscow,2017-02-19T10:05:00Z,2017-02-19T11:45:00Z,0.0,0.0,1544400.00,1.6666666666666667,2.6000000000000000,46672,202245.33333333334,1342154.6666666665
136322,PG0252,2017-02-06T10:05:00Z,2017-02-06T11:45:00Z,AAQ,Anapa,SVO,Moscow,2017-02-06T10:11:00Z,2017-02-06T11:52:00Z,6.0,7.0,1567600.00,1.6833333333333333,2.6000000000000000,46672,204267.78666666665,1363332.2133333334
136324,PG0252,2016-12-05T10:05:00Z,2016-12-05T11:45:00Z,AAQ,Anapa,SVO,Moscow,2016-12-05T10:09:00Z,2016-12-05T11:50:00Z,4.0,5.0,1666400.00,1.6833333333333333,2.6000000000000000,45863,200727.06333333335,1465672.9366666665
136327,PG0252,2016-12-30T10:05:00Z,2016-12-30T11:45:00Z,AAQ,Anapa,SVO,Moscow,2016-12-30T10:12:00Z,2016-12-30T11:52:00Z,7.0,7.0,1543200.00,1.6666666666666667,2.6000000000000000,45863,198739.6666666667,1344460.3333333333
136338,PG0252,2016-12-19T10:05:00Z,2016-12-19T11:45:00Z,AAQ,Anapa,SVO,Moscow,2016-12-19T10:06:00Z,2016-12-19T11:46:00Z,1.0,1.0,1861600.00,1.6666666666666667,2.6000000000000000,45863,198739.6666666667,1662860.3333333333
136345,PG0252,2017-01-24T10:05:00Z,2017-01-24T11:45:00Z,AAQ,Anapa,SVO,Moscow,2017-01-24T13:32:00Z,2017-01-24T15:12:00Z,207.0,207.0,1517600.00,1.6666666666666667,2.6000000000000000,48893,211869.6666666667,1305730.3333333333
136348,PG0252,2017-02-10T10:05:00Z,2017-02-10T11:45:00Z,AAQ,Anapa,SVO,Moscow,2017-02-10T10:05:00Z,2017-02-10T11:45:00Z,0.0,0.0,1762800.00,1.6666666666666667,2.6000000000000000,46672,202245.33333333334,1560554.6666666665
136351,PG0252,2017-02-26T10:05:00Z,2017-02-26T11:45:00Z,AAQ,Anapa,SVO,Moscow,2017-02-26T10:13:00Z,2017-02-26T11:53:00Z,8.0,8.0,1555400.00,1.6666666666666667,2.6000000000000000,46672,202245.33333333334,1353154.6666666665
136352,PG0252,2016-12-10T10:05:00Z,2016-12-10T11:45:00Z,AAQ,Anapa,SVO,Moscow,2016-12-10T10:10:00Z,2016-12-10T11:50:00Z,5.0,5.0,1372400.00,1.6666666666666667,2.6000000000000000,45863,198739.6666666667,1173660.3333333333
136360,PG0252,2017-02-05T10:05:00Z,2017-02-05T11:45:00Z,AAQ,Anapa,SVO,Moscow,2017-02-05T10:08:00Z,2017-02-05T11:48:00Z,3.0,3.0,1455400.00,1.6666666666666667,2.6000000000000000,46672,202245.33333333334,1253154.6666666665
136366,PG0252,2017-01-11T10:05:00Z,2017-01-11T11:45:00Z,AAQ,Anapa,SVO,Moscow,2017-01-11T10:08:00Z,2017-01-11T11:47:00Z,3.0,2.0,1527400.00,1.65,2.6000000000000000,48893,209750.97,1317649.03
136368,PG0252,2016-12-31T10:05:00Z,2016-12-31T11:45:00Z,AAQ,Anapa,SVO,Moscow,2016-12-31T10:07:00Z,2016-12-31T11:47:00Z,2.0,2.0,1886000.00,1.6666666666666667,2.6000000000000000,45863,198739.6666666667,1687260.3333333333
136383,PG0252,2017-01-25T10:05:00Z,2017-01-25T11:45:00Z,AAQ,Anapa,SVO,Moscow,2017-01-25T10:09:00Z,2017-01-25T11:51:00Z,4.0,6.0,1493200.00,1.7,2.6000000000000000,48893,216107.06,1277092.94
136385,PG0252,2016-12-16T10:05:00Z,2016-12-16T11:45:00Z,AAQ,Anapa,SVO,Moscow,2016-12-16T10:10:00Z,2016-12-16T11:50:00Z,5.0,5.0,1861600.00,1.6666666666666667,2.6000000000000000,45863,198739.6666666667,1662860.3333333333
136387,PG0252,2017-01-19T10:05:00Z,2017-01-19T11:45:00Z,AAQ,Anapa,SVO,Moscow,2017-01-19T10:08:00Z,2017-01-19T11:47:00Z,3.0,2.0,1775000.00,1.65,2.6000000000000000,48893,209750.97,1565249.03
136389,PG0252,2017-01-18T10:05:00Z,2017-01-18T11:45:00Z,AAQ,Anapa,SVO,Moscow,2017-01-18T10:10:00Z,2017-01-18T11:50:00Z,5.0,5.0,1873800.00,1.6666666666666667,2.6000000000000000,48893,211869.6666666667,1661930.3333333333
136390,PG0252,2016-12-26T10:05:00Z,2016-12-26T11:45:00Z,AAQ,Anapa,SVO,Moscow,2016-12-26T10:06:00Z,2016-12-26T11:47:00Z,1.0,2.0,1823800.00,1.6833333333333333,2.6000000000000000,45863,200727.06333333335,1623072.9366666665
136391,PG0252,2016-12-03T10:05:00Z,2016-12-03T11:45:00Z,AAQ,Anapa,SVO,Moscow,2016-12-03T10:08:00Z,2016-12-03T11:48:00Z,3.0,3.0,1556600.00,1.6666666666666667,2.6000000000000000,45863,198739.6666666667,1357860.3333333333
136397,PG0252,2016-12-25T10:05:00Z,2016-12-25T11:45:00Z,AAQ,Anapa,SVO,Moscow,2016-12-25T10:06:00Z,2016-12-25T11:47:00Z,1.0,2.0,1444400.00,1.6833333333333333,2.6000000000000000,45863,200727.06333333335,1243672.9366666665
136403,PG0252,2017-02-20T10:05:00Z,2017-02-20T11:45:00Z,AAQ,Anapa,SVO,Moscow,2017-02-20T10:06:00Z,2017-02-20T11:46:00Z,1.0,1.0,1873800.00,1.6666666666666667,2.6000000000000000,46672,202245.33333333334,1671554.6666666665
136411,PG0252,2017-02-04T10:05:00Z,2017-02-04T11:45:00Z,AAQ,Anapa,SVO,Moscow,2017-02-04T10:06:00Z,2017-02-04T11:46:00Z,1.0,1.0,1590800.00,1.6666666666666667,2.6000000000000000,46672,202245.33333333334,1388554.6666666665
136418,PG0252,2016-12-07T10:05:00Z,2016-12-07T11:45:00Z,AAQ,Anapa,SVO,Moscow,2016-12-07T10:07:00Z,2016-12-07T11:47:00Z,2.0,2.0,1407800.00,1.6666666666666667,2.6000000000000000,45863,198739.6666666667,1209060.3333333333
136420,PG0252,2017-01-01T10:05:00Z,2017-01-01T11:45:00Z,AAQ,Anapa,SVO,Moscow,2017-01-01T10:09:00Z,2017-01-01T11:47:00Z,4.0,2.0,1542000.00,1.6333333333333333,2.6000000000000000,48893,207632.27333333335,1334367.7266666666
136423,PG0252,2017-01-10T10:05:00Z,2017-01-10T11:45:00Z,AAQ,Anapa,SVO,Moscow,2017-01-10T10:12:00Z,2017-01-10T11:52:00Z,7.0,7.0,1849400.00,1.6666666666666667,2.6000000000000000,48893,211869.6666666667,1637530.3333333333
136428,PG0252,2017-01-21T10:05:00Z,2017-01-21T11:45:00Z,AAQ,Anapa,SVO,Moscow,2017-01-21T10:08:00Z,2017-01-21T11:47:00Z,3.0,2.0,1678600.00,1.65,2.6000000000000000,48893,209750.97,1468849.03
136436,PG0252,2017-01-26T10:05:00Z,2017-01-26T11:45:00Z,AAQ,Anapa,SVO,Moscow,2017-01-26T10:08:00Z,2017-01-26T11:47:00Z,3.0,2.0,1811600.00,1.65,2.6000000000000000,48893,209750.97,1601849.03
136439,PG0252,2017-02-25T10:05:00Z,2017-02-25T11:45:00Z,AAQ,Anapa,SVO,Moscow,2017-02-25T10:08:00Z,2017-02-25T11:48:00Z,3.0,3.0,1701800.00,1.6666666666666667,2.6000000000000000,46672,202245.33333333334,1499554.6666666665
136441,PG0252,2017-02-03T10:05:00Z,2017-02-03T11:45:00Z,AAQ,Anapa,SVO,Moscow,2017-02-03T10:07:00Z,2017-02-03T11:47:00Z,2.0,2.0,1837200.00,1.6666666666666667,2.6000000000000000,46672,202245.33333333334,1634954.6666666665
136447,PG0252,2016-12-11T10:05:00Z,2016-12-11T11:45:00Z,AAQ,Anapa,SVO,Moscow,2016-12-11T10:07:00Z,2016-12-11T11:47:00Z,2.0,2.0,1642000.00,1.6666666666666667,2.6000000000000000,45863,198739.6666666667,1443260.3333333333
136450,PG0252,2016-12-06T10:05:00Z,2016-12-06T11:45:00Z,AAQ,Anapa,SVO,Moscow,2016-12-06T10:06:00Z,2016-12-06T11:48:00Z,1.0,3.0,1554200.00,1.7,2.6000000000000000,45863,202714.46,1351485.54
136452,PG0252,2017-02-17T10:05:00Z,2017-02-17T11:45:00Z,AAQ,Anapa,SVO,Moscow,2017-02-17T10:08:00Z,2017-02-17T11:48:00Z,3.0,3.0,1603000.00,1.6666666666666667,2.6000000000000000,46672,202245.33333333334,1400754.6666666665
136458,PG0252,2017-01-02T10:05:00Z,2017-01-02T11:45:00Z,AAQ,Anapa,SVO,Moscow,2017-01-02T10:07:00Z,2017-01-02T11:46:00Z,2.0,1.0,1568800.00,1.65,2.6000000000000000,48893,209750.97,1359049.03
136463,PG0252,2017-01-20T10:05:00Z,2017-01-20T11:45:00Z,AAQ,Anapa,SVO,Moscow,2017-01-20T10:06:00Z,2017-01-20T11:45:00Z,1.0,0.0,1788400.00,1.65,2.6000000000000000,48893,209750.97,1578649.03
136464,PG0252,2017-01-09T10:05:00Z,2017-01-09T11:45:00Z,AAQ,Anapa,SVO,Moscow,2017-01-09T10:07:00Z,2017-01-09T11:47:00Z,2.0,2.0,1398000.00,1.6666666666666667,2.6000000000000000,48893,211869.6666666667,1186130.3333333333
136465,PG0252,2016-12-15T10:05:00Z,2016-12-15T11:45:00Z,AAQ,Anapa,SVO,Moscow,2016-12-15T10:05:00Z,2016-12-15T11:47:00Z,0.0,2.0,1886000.00,1.7,2.6000000000000000,45863,202714.46,1683285.54
136471,PG0252,2017-01-17T10:05:00Z,2017-01-17T11:45:00Z,AAQ,Anapa,SVO,Moscow,2017-01-17T10:11:00Z,2017-01-17T11:51:00Z,6.0,6.0,1762800.00,1.6666666666666667,2.6000000000000000,48893,211869.6666666667,1550930.3333333333
136474,PG0252,2016-12-02T10:05:00Z,2016-12-02T11:45:00Z,AAQ,Anapa,SVO,Moscow,2016-12-02T10:06:00Z,2016-12-02T11:44:00Z,1.0,-1.0,1886000.00,1.6333333333333333,2.6000000000000000,45863,194764.87333333332,1691235.1266666667
136479,PG0252,2017-02-21T10:05:00Z,2017-02-21T11:45:00Z,AAQ,Anapa,SVO,Moscow,2017-02-21T10:08:00Z,2017-02-21T11:47:00Z,3.0,2.0,1738400.00,1.65,2.6000000000000000,46672,200222.87999999998,1538177.12
136485,PG0252,2017-01-27T10:05:00Z,2017-01-27T11:45:00Z,AAQ,Anapa,SVO,Moscow,2017-01-27T10:07:00Z,2017-01-27T11:47:00Z,2.0,2.0,1520000.00,1.6666666666666667,2.6000000000000000,48893,211869.6666666667,1308130.3333333333
136486,PG0252,2017-02-02T10:05:00Z,2017-02-02T11:45:00Z,AAQ,Anapa,SVO,Moscow,2017-02-02T10:07:00Z,2017-02-02T11:48:00Z,2.0,3.0,1505400.00,1.6833333333333333,2.6000000000000000,46672,204267.78666666665,1301132.2133333334
136491,PG0252,2016-12-08T10:05:00Z,2016-12-08T11:45:00Z,AAQ,Anapa,SVO,Moscow,2016-12-08T10:08:00Z,2016-12-08T11:49:00Z,3.0,4.0,1505400.00,1.6833333333333333,2.6000000000000000,45863,200727.06333333335,1304672.9366666665
136492,PG0252,2016-12-23T10:05:00Z,2016-12-23T11:45:00Z,AAQ,Anapa,SVO,Moscow,2016-12-23T10:08:00Z,2016-12-23T11:48:00Z,3.0,3.0,1690800.00,1.6666666666666667,2.6000000000000000,45863,198739.6666666667,1492060.3333333333
136511,PG0194,2017-02-21T06:10:00Z,2017-02-21T11:15:00Z,AAQ,Anapa,NOZ,Novokuznetsk,2017-02-21T06:15:00Z,2017-02-21T11:25:00Z,5.0,10.0,,5.166666666666667,2.6000000000000000,46672,626960.5333333333,-626960.5333333334
136513,PG0194,2017-02-28T06:10:00Z,2017-02-28T11:15:00Z,AAQ,Anapa,NOZ,Novokuznetsk,2017-02-28T06:13:00Z,2017-02-28T11:23:00Z,3.0,8.0,,5.166666666666667,2.6000000000000000,46672,626960.5333333333,-626960.5333333334
136514,PG0194,2017-02-07T06:10:00Z,2017-02-07T11:15:00Z,AAQ,Anapa,NOZ,Novokuznetsk,2017-02-07T06:14:00Z,2017-02-07T11:13:00Z,4.0,-2.0,,4.983333333333333,2.6000000000000000,46672,604713.5466666666,-604713.5466666666
136518,PG0194,2016-12-20T06:10:00Z,2016-12-20T11:15:00Z,AAQ,Anapa,NOZ,Novokuznetsk,2016-12-20T06:13:00Z,2016-12-20T11:17:00Z,3.0,2.0,,5.066666666666666,2.6000000000000000,45863,604168.5866666667,-604168.5866666667
136523,PG0194,2017-01-10T06:10:00Z,2017-01-10T11:15:00Z,AAQ,Anapa,NOZ,Novokuznetsk,2017-01-10T06:14:00Z,2017-01-10T11:26:00Z,4.0,11.0,,5.2,2.6000000000000000,48893,661033.36,-661033.3600000001
136533,PG0194,2016-12-13T06:10:00Z,2016-12-13T11:15:00Z,AAQ,Anapa,NOZ,Novokuznetsk,2016-12-13T06:13:00Z,2016-12-13T11:16:00Z,3.0,1.0,,5.05,2.6000000000000000,45863,602181.19,-602181.1900000001
136534,PG0194,2016-12-06T06:10:00Z,2016-12-06T11:15:00Z,AAQ,Anapa,NOZ,Novokuznetsk,2016-12-06T06:13:00Z,2016-12-06T11:17:00Z,3.0,2.0,,5.066666666666666,2.6000000000000000,45863,604168.5866666667,-604168.5866666667
136540,PG0194,2017-01-17T06:10:00Z,2017-01-17T11:15:00Z,AAQ,Anapa,NOZ,Novokuznetsk,2017-01-17T06:14:00Z,2017-01-17T11:21:00Z,4.0,6.0,,5.116666666666666,2.6000000000000000,48893,650439.8766666666,-650439.8766666666
136544,PG0194,2017-01-31T06:10:00Z,2017-01-31T11:15:00Z,AAQ,Anapa,NOZ,Novokuznetsk,2017-01-31T06:10:00Z,2017-01-31T11:14:00Z,0.0,-1.0,,5.066666666666666,2.6000000000000000,48893,644083.7866666666,-644083.7866666667
136546,PG0194,2017-01-03T06:10:00Z,2017-01-03T11:15:00Z,AAQ,Anapa,NOZ,Novokuznetsk,2017-01-03T06:13:00Z,2017-01-03T11:15:00Z,3.0,0.0,,5.033333333333333,2.6000000000000000,48893,639846.3933333333,-639846.3933333333
136560,PG0194,2017-01-24T06:10:00Z,2017-01-24T11:15:00Z,AAQ,Anapa,NOZ,Novokuznetsk,2017-01-24T06:13:00Z,2017-01-24T11:18:00Z,3.0,3.0,,5.083333333333333,2.6000000000000000,48893,646202.4833333333,-646202.4833333334
136564,PG0194,2016-12-27T06:10:00Z,2016-12-27T11:15:00Z,AAQ,Anapa,NOZ,Novokuznetsk,2016-12-27T06:16:00Z,2016-12-27T11:21:00Z,6.0,6.0,,5.083333333333333,2.6000000000000000,45863,606155.9833333333,-606155.9833333334
136567,PG0194,2017-02-14T06:10:00Z,2017-02-14T11:15:00Z,AAQ,Anapa,NOZ,Novokuznetsk,2017-02-14T06:12:00Z,2017-02-14T11:23:00Z,2.0,8.0,,5.183333333333334,2.6000000000000000,46672,628982.9866666667,-628982.9866666667
136571,PG0480,2017-01-25T09:25:00Z,2017-01-25T10:15:00Z,AAQ,Anapa,EGO,Belgorod,2017-01-25T09:28:00Z,2017-01-25T10:18:00Z,3.0,3.0,752700.00,0.8333333333333334,1.7000000000000000,48893,69265.08333333334,683434.9166666666
136586,PG0480,2017-01-10T09:25:00Z,2017-01-10T10:15:00Z,AAQ,Anapa,EGO,Belgorod,2017-01-10T09:28:00Z,2017-01-10T10:18:00Z,3.0,3.0,759000.00,0.8333333333333334,1.7000000000000000,48893,69265.08333333334,689734.9166666666
136592,PG0480,2016-12-25T09:25:00Z,2016-12-25T10:15:00Z,AAQ,Anapa,EGO,Belgorod,2016-12-25T09:28:00Z,2016-12-25T10:18:00Z,3.0,3.0,677100.00,0.8333333333333334,1.7000000000000000,45863,64972.58333333334,612127.4166666666
136600,PG0480,2017-02-08T09:25:00Z,2017-02-08T10:15:00Z,AAQ,Anapa,EGO,Belgorod,2017-02-08T09:26:00Z,2017-02-08T10:16:00Z,1.0,1.0,765300.00,0.8333333333333334,1.7000000000000000,46672,66118.66666666667,699181.3333333334
136605,PG0480,2017-02-15T09:25:00Z,2017-02-15T10:15:00Z,AAQ,Anapa,EGO,Belgorod,2017-02-15T09:28:00Z,2017-02-15T10:19:00Z,3.0,4.0,765300.00,0.85,1.7000000000000000,46672,67441.04,697858.96
136609,PG0480,2017-01-08T09:25:00Z,2017-01-08T10:15:00Z,AAQ,Anapa,EGO,Belgorod,2017-01-08T09:28:00Z,2017-01-08T10:18:00Z,3.0,3.0,639300.00,0.8333333333333334,1.7000000000000000,48893,69265.08333333334,570034.9166666666
136612,PG0480,2017-02-21T09:25:00Z,2017-02-21T10:15:00Z,AAQ,Anapa,EGO,Belgorod,2017-02-21T09:27:00Z,2017-02-21T10:17:00Z,2.0,2.0,746400.00,0.8333333333333334,1.7000000000000000,46672,66118.66666666667,680281.3333333334
136617,PG0480,2016-12-27T09:25:00Z,2016-12-27T10:15:00Z,AAQ,Anapa,EGO,Belgorod,2016-12-27T09:26:00Z,2016-12-27T10:16:00Z,1.0,1.0,765300.00,0.8333333333333334,1.7000000000000000,45863,64972.58333333334,700327.4166666666
136620,PG0480,2017-02-17T09:25:00Z,2017-02-17T10:15:00Z,AAQ,Anapa,EGO,Belgorod,2017-02-17T09:30:00Z,2017-02-17T10:19:00Z,5.0,4.0,613500.00,0.8166666666666667,1.7000000000000000,46672,64796.29333333333,548703.7066666667
136630,PG0480,2017-02-25T09:25:00Z,2017-02-25T10:15:00Z,AAQ,Anapa,EGO,Belgorod,2017-02-25T09:32:00Z,2017-02-25T10:22:00Z,7.0,7.0,746400.00,0.8333333333333334,1.7000000000000000,46672,66118.66666666667,680281.3333333334
136631,PG0480,2016-12-22T09:25:00Z,2016-12-22T10:15:00Z,AAQ,Anapa,EGO,Belgorod,2016-12-22T09:26:00Z,2016-12-22T10:16:00Z,1.0,1.0,721200.00,0.8333333333333334,1.7000000000000000,45863,64972.58333333334,656227.4166666666
136632,PG0480,2017-01-07T09:25:00Z,2017-01-07T10:15:00Z,AAQ,Anapa,EGO,Belgorod,2017-01-07T12:42:00Z,2017-01-07T13:33:00Z,197.0,198.0,714300.00,0.85,1.7000000000000000,48893,70650.38500000001,643649.615
136642,PG0480,2017-01-30T09:25:00Z,2017-01-30T10:15:00Z,AAQ,Anapa,EGO,Belgorod,2017-01-30T09:28:00Z,2017-01-30T10:17:00Z,3.0,2.0,531000.00,0.8166666666666667,1.7000000000000000,48893,67879.78166666668,463120.2183333333
136645,PG0480,2017-01-05T09:25:00Z,2017-01-05T10:15:00Z,AAQ,Anapa,EGO,Belgorod,2017-01-05T09:29:00Z,2017-01-05T10:20:00Z,4.0,5.0,633000.00,0.85,1.7000000000000000,48893,70650.38500000001,562349.615
136649,PG0480,2017-01-18T09:25:00Z,2017-01-18T10:15:00Z,AAQ,Anapa,EGO,Belgorod,2017-01-18T09:25:00Z,2017-01-18T10:15:00Z,0.0,0.0,759000.00,0.8333333333333334,1.7000000000000000,48893,69265.08333333334,689734.9166666666
136653,PG0480,2016-12-24T09:25:00Z,2016-12-24T10:15:00Z,AAQ,Anapa,EGO,Belgorod,2016-12-24T09:27:00Z,2016-12-24T10:17:00Z,2.0,2.0,701700.00,0.8333333333333334,1.7000000000000000,45863,64972.58333333334,636727.4166666666
136654,PG0480,2017-01-19T09:25:00Z,2017-01-19T10:15:00Z,AAQ,Anapa,EGO,Belgorod,2017-01-19T09:28:00Z,2017-01-19T10:17:00Z,3.0,2.0,759000.00,0.8166666666666667,1.7000000000000000,48893,67879.78166666668,691120.2183333334
136660,PG0480,2017-02-20T09:25:00Z,2017-02-20T10:15:00Z,AAQ,Anapa,EGO,Belgorod,2017-02-20T09:26:00Z,2017-02-20T10:15:00Z,1.0,0.0,677100.00,0.8166666666666667,1.7000000000000000,46672,64796.29333333333,612303.7066666667
136661,PG0480,2017-01-01T09:25:00Z,2017-01-01T10:15:00Z,AAQ,Anapa,EGO,Belgorod,2017-01-01T09:27:00Z,2017-01-01T10:17:00Z,2.0,2.0,759000.00,0.8333333333333334,1.7000000000000000,48893,69265.08333333334,689734.9166666666
136666,PG0480,2017-02-09T09:25:00Z,2017-02-09T10:15:00Z,AAQ,Anapa,EGO,Belgorod,2017-02-09T09:26:00Z,2017-02-09T10:16:00Z,1.0,1.0,664500.00,0.8333333333333334,1.7000000000000000,46672,66118.66666666667,598381.3333333334
136669,PG0480,2017-01-17T09:25:00Z,2017-01-17T10:15:00Z,AAQ,Anapa,EGO,Belgorod,2017-01-17T09:26:00Z,2017-01-17T10:17:00Z,1.0,2.0,752700.00,0.85,1.7000000000000000,48893,70650.38500000001,682049.615
136672,PG0480,2017-02-03T09:25:00Z,2017-02-03T10:15:00Z,AAQ,Anapa,EGO,Belgorod,2017-02-03T09:28:00Z,2017-02-03T10:18:00Z,3.0,3.0,759000.00,0.8333333333333334,1.7000000000000000,46672,66118.66666666667,692881.3333333334
136678,PG0480,2017-01-28T09:25:00Z,2017-01-28T10:15:00Z,AAQ,Anapa,EGO,Belgorod,2017-01-28T09:27:00Z,2017-01-28T10:17:00Z,2.0,2.0,631200.00,0.8333333333333334,1.7000000000000000,48893,69265.08333333334,561934.9166666666
136680,PG0480,2016-12-26T09:25:00Z,2016-12-26T10:15:00Z,AAQ,Anapa,EGO,Belgorod,2016-12-26T09:34:00Z,2016-12-26T10:24:00Z,9.0,9.0,733800.00,0.8333333333333334,1.7000000000000000,45863,64972.58333333334,668827.4166666666
136688,PG0480,2016-12-15T09:25:00Z,2016-12-15T10:15:00Z,AAQ,Anapa,EGO,Belgorod,2016-12-15T09:30:00Z,2016-12-15T10:20:00Z,5.0,5.0,689700.00,0.8333333333333334,1.7000000000000000,45863,64972.58333333334,624727.4166666666
136691,PG0480,2016-12-13T09:25:00Z,2016-12-13T10:15:00Z,AAQ,Anapa,EGO,Belgorod,2016-12-13T09:25:00Z,2016-12-13T10:14:00Z,0.0,-1.0,689700.00,0.8166666666666667,1.7000000000000000,45863,63673.13166666667,626026.8683333333
136698,PG0480,2016-12-01T09:25:00Z,2016-12-01T10:15:00Z,AAQ,Anapa,EGO,Belgorod,2016-12-01T09:30:00Z,2016-12-01T10:19:00Z,5.0,4.0,746400.00,0.8166666666666667,1.7000000000000000,45863,63673.13166666667,682726.8683333333
136702,PG0480,2016-12-23T09:25:00Z,2016-12-23T10:15:00Z,AAQ,Anapa,EGO,Belgorod,2016-12-23T09:26:00Z,2016-12-23T10:16:00Z,1.0,1.0,670800.00,0.8333333333333334,1.7000000000000000,45863,64972.58333333334,605827.4166666666
136706,PG0480,2017-01-06T09:25:00Z,2017-01-06T10:15:00Z,AAQ,Anapa,EGO,Belgorod,2017-01-06T09:30:00Z,2017-01-06T10:20:00Z,5.0,5.0,740100.00,0.8333333333333334,1.7000000000000000,48893,69265.08333333334,670834.9166666666
136709,PG0480,2017-01-15T09:25:00Z,2017-01-15T10:15:00Z,AAQ,Anapa,EGO,Belgorod,2017-01-15T09:28:00Z,2017-01-15T10:18:00Z,3.0,3.0,689700.00,0.8333333333333334,1.7000000000000000,48893,69265.08333333334,620434.9166666666
136720,PG0480,2017-01-26T09:25:00Z,2017-01-26T10:15:00Z,AAQ,Anapa,EGO,Belgorod,2017-01-26T09:29:00Z,2017-01-26T10:19:00Z,4.0,4.0,752700.00,0.8333333333333334,1.7000000000000000,48893,69265.08333333334,683434.9166666666
136725,PG0480,2016-12-19T09:25:00Z,2016-12-19T10:15:00Z,AAQ,Anapa,EGO,Belgorod,2016-12-19T09:30:00Z,2016-12-19T10:19:00Z,5.0,4.0,696000.00,0.8166666666666667,1.7000000000000000,45863,63673.13166666667,632326.8683333333
136729,PG0480,2017-01-29T09:25:00Z,2017-01-29T10:15:00Z,AAQ,Anapa,EGO,Belgorod,2017-01-29T09:29:00Z,2017-01-29T10:19:00Z,4.0,4.0,695400.00,0.8333333333333334,1.7000000000000000,48893,69265.08333333334,626134.9166666666
136733,PG0480,2017-01-09T09:25:00Z,2017-01-09T10:15:00Z,AAQ,Anapa,EGO,Belgorod,2017-01-09T09:27:00Z,2017-01-09T10:18:00Z,2.0,3.0,746400.00,0.85,1.7000000000000000,48893,70650.38500000001,675749.615
136738,PG0480,2016-12-20T09:25:00Z,2016-12-20T10:15:00Z,AAQ,Anapa,EGO,Belgorod,2016-12-20T09:27:00Z,2016-12-20T10:16:00Z,2.0,1.0,689700.00,0.8166666666666667,1.7000000000000000,45863,63673.13166666667,626026.8683333333
136742,PG0480,2016-12-18T09:25:00Z,2016-12-18T10:15:00Z,AAQ,Anapa,EGO,Belgorod,2016-12-18T09:27:00Z,2016-12-18T10:17:00Z,2.0,2.0,765300.00,0.8333333333333334,1.7000000000000000,45863,64972.58333333334,700327.4166666666
136754,PG0480,2017-02-06T09:25:00Z,2017-02-06T10:15:00Z,AAQ,Anapa,EGO,Belgorod,2017-02-06T09:29:00Z,2017-02-06T10:18:00Z,4.0,3.0,721200.00,0.8166666666666667,1.7000000000000000,46672,64796.29333333333,656403.7066666667
136755,PG0480,2017-01-21T09:25:00Z,2017-01-21T10:15:00Z,AAQ,Anapa,EGO,Belgorod,2017-01-21T09:30:00Z,2017-01-21T10:20:00Z,5.0,5.0,765300.00,0.8333333333333334,1.7000000000000000,48893,69265.08333333334,696034.9166666666
136757,PG0480,2017-01-27T09:25:00Z,2017-01-27T10:15:00Z,AAQ,Anapa,EGO,Belgorod,2017-01-27T09:30:00Z,2017-01-27T10:19:00Z,5.0,4.0,765300.00,0.8166666666666667,1.7000000000000000,48893,67879.78166666668,697420.2183333334
136758,PG0480,2017-01-12T09:25:00Z,2017-01-12T10:15:00Z,AAQ,Anapa,EGO,Belgorod,2017-01-12T09:26:00Z,2017-01-12T10:15:00Z,1.0,0.0,765300.00,0.8166666666666667,1.7000000000000000,48893,67879.78166666668,697420.2183333334
136767,PG0480,2017-01-23T09:25:00Z,2017-01-23T10:15:00Z,AAQ,Anapa,EGO,Belgorod,2017-01-23T09:27:00Z,2017-01-23T10:18:00Z,2.0,3.0,651300.00,0.85,1.7000000000000000,48893,70650.38500000001,580649.615
136768,PG0480,2016-12-08T09:25:00Z,2016-12-08T10:15:00Z,AAQ,Anapa,EGO,Belgorod,2016-12-08T09:27:00Z,2016-12-08T10:17:00Z,2.0,2.0,765300.00,0.8333333333333334,1.7000000000000000,45863,64972.58333333334,700327.4166666666
136769,PG0480,2017-02-10T09:25:00Z,2017-02-10T10:15:00Z,AAQ,Anapa,EGO,Belgorod,2017-02-10T09:30:00Z,2017-02-10T10:21:00Z,5.0,6.0,696000.00,0.85,1.7000000000000000,46672,67441.04,628558.96
136771,PG0480,2016-12-17T09:25:00Z,2016-12-17T10:15:00Z,AAQ,Anapa,EGO,Belgorod,2016-12-17T09:26:00Z,2016-12-17T10:15:00Z,1.0,0.0,657000.00,0.8166666666666667,1.7000000000000000,45863,63673.13166666667,593326.8683333333
136774,PG0480,2016-12-02T09:25:00Z,2016-12-02T10:15:00Z,AAQ,Anapa,EGO,Belgorod,2016-12-02T09:27:00Z,2016-12-02T10:17:00Z,2.0,2.0,740100.00,0.8333333333333334,1.7000000000000000,45863,64972.58333333334,675127.4166666666
136778,PG0480,2017-02-22T09:25:00Z,2017-02-22T10:15:00Z,AAQ,Anapa,EGO,Belgorod,2017-02-22T09:26:00Z,2017-02-22T10:16:00Z,1.0,1.0,759000.00,0.8333333333333334,1.7000000000000000,46672,66118.66666666667,692881.3333333334
136780,PG0480,2017-02-24T09:25:00Z,2017-02-24T10:15:00Z,AAQ,Anapa,EGO,Belgorod,2017-02-24T09:30:00Z,2017-02-24T10:20:00Z,5.0,5.0,714900.00,0.8333333333333334,1.7000000000000000,46672,66118.66666666667,648781.3333333334
136781,PG0480,2017-01-14T09:25:00Z,2017-01-14T10:15:00Z,AAQ,Anapa,EGO,Belgorod,2017-01-14T09:26:00Z,2017-01-14T10:16:00Z,1.0,1.0,765300.00,0.8333333333333334,1.7000000000000000,48893,69265.08333333334,696034.9166666666
136785,PG0480,2016-12-29T09:25:00Z,2016-12-29T10:15:00Z,AAQ,Anapa,EGO,Belgorod,2016-12-29T09:28:00Z,2016-12-29T10:19:00Z,3.0,4.0,765300.00,0.85,1.7000000000000000,45863,66272.035,699027.965
136793,PG0480,2016-12-06T09:25:00Z,2016-12-06T10:15:00Z,AAQ,Anapa,EGO,Belgorod,2016-12-06T09:31:00Z,2016-12-06T10:21:00Z,6.0,6.0,765300.00,0.8333333333333334,1.7000000000000000,45863,64972.58333333334,700327.4166666666
136800,PG0480,2016-12-09T09:25:00Z,2016-12-09T10:15:00Z,AAQ,Anapa,EGO,Belgorod,2016-12-09T09:27:00Z,2016-12-09T10:18:00Z,2.0,3.0,645000.00,0.85,1.7000000000000000,45863,66272.035,578727.965
136801,PG0480,2016-12-30T09:25:00Z,2016-12-30T10:15:00Z,AAQ,Anapa,EGO,Belgorod,2016-12-30T09:28:00Z,2016-12-30T10:18:00Z,3.0,3.0,765300.00,0.8333333333333334,1.7000000000000000,45863,64972.58333333334,700327.4166666666
136802,PG0480,2017-02-26T09:25:00Z,2017-02-26T10:15:00Z,AAQ,Anapa,EGO,Belgorod,2017-02-26T09:32:00Z,2017-02-26T10:22:00Z,7.0,7.0,746400.00,0.8333333333333334,1.7000000000000000,46672,66118.66666666667,680281.3333333334
136805,PG0480,2016-12-07T09:25:00Z,2016-12-07T10:15:00Z,AAQ,Anapa,EGO,Belgorod,2016-12-07T09:28:00Z,2016-12-07T10:18:00Z,3.0,3.0,746400.00,0.8333333333333334,1.7000000000000000,45863,64972.58333333334,681427.4166666666
136807,PG0480,2017-02-23T09:25:00Z,2017-02-23T10:15:00Z,AAQ,Anapa,EGO,Belgorod,2017-02-23T09:28:00Z,2017-02-23T10:18:00Z,3.0,3.0,531000.00,0.8333333333333334,1.7000000000000000,46672,66118.66666666667,464881.3333333333
136815,PG0480,2017-02-19T09:25:00Z,2017-02-19T10:15:00Z,AAQ,Anapa,EGO,Belgorod,2017-02-19T09:26:00Z,2017-02-19T10:17:00Z,1.0,2.0,765300.00,0.85,1.7000000000000000,46672,67441.04,697858.96
136819,PG0480,2017-01-04T09:25:00Z,2017-01-04T10:15:00Z,AAQ,Anapa,EGO,Belgorod,2017-01-04T09:29:00Z,2017-01-04T10:19:00Z,4.0,4.0,759000.00,0.8333333333333334,1.7000000000000000,48893,69265.08333333334,689734.9166666666
136823,PG0480,2017-02-05T09:25:00Z,2017-02-05T10:15:00Z,AAQ,Anapa,EGO,Belgorod,2017-02-05T09:27:00Z,2017-02-05T10:18:00Z,2.0,3.0,620400.00,0.85,1.7000000000000000,46672,67441.04,552958.96
136827,PG0480,2017-02-18T09:25:00Z,2017-02-18T10:15:00Z,AAQ,Anapa,EGO,Belgorod,2017-02-18T09:26:00Z,2017-02-18T10:17:00Z,1.0,2.0,765300.00,0.85,1.7000000000000000,46672,67441.04,697858.96
136838,PG0480,2017-01-24T09:25:00Z,2017-01-24T10:15:00Z,AAQ,Anapa,EGO,Belgorod,2017-01-24T09:30:00Z,2017-01-24T10:21:00Z,5.0,6.0,670200.00,0.85,1.7000000000000000,48893,70650.38500000001,599549.615
136841,PG0480,2017-02-07T09:25:00Z,2017-02-07T10:15:00Z,AAQ,Anapa,EGO,Belgorod,2017-02-07T09:25:00Z,2017-02-07T10:16:00Z,0.0,1.0,765300.00,0.85,1.7000000000000000,46672,67441.04,697858.96
136843,PG0480,2016-12-04T09:25:00Z,2016-12-04T10:15:00Z,AAQ,Anapa,EGO,Belgorod,2016-12-04T09:30:00Z,2016-12-04T10:20:00Z,5.0,5.0,632400.00,0.8333333333333334,1.7000000000000000,45863,64972.58333333334,567427.4166666666
136844,PG0480,2017-02-28T09:25:00Z,2017-02-28T10:15:00Z,AAQ,Anapa,EGO,Belgorod,2017-02-28T09:26:00Z,2017-02-28T10:16:00Z,1.0,1.0,575100.00,0.8333333333333334,1.7000000000000000,46672,66118.66666666667,508981.3333333333
136855,PG0480,2017-01-11T09:25:00Z,2017-01-11T10:15:00Z,AAQ,Anapa,EGO,Belgorod,2017-01-11T12:07:00Z,2017-01-11T12:57:00Z,162.0,162.0,702300.00,0.8333333333333334,1.7000000000000000,48893,69265.08333333334,633034.9166666666
136857,PG0480,2017-02-13T09:25:00Z,2017-02-13T10:15:00Z,AAQ,Anapa,EGO,Belgorod,2017-02-13T09:31:00Z,2017-02-13T10:21:00Z,6.0,6.0,765300.00,0.8333333333333334,1.7000000000000000,46672,66118.66666666667,699181.3333333334
136861,PG0480,2017-02-12T09:25:00Z,2017-02-12T10:15:00Z,AAQ,Anapa,EGO,Belgorod,2017-02-12T09:28:00Z,2017-02-12T10:17:00Z,3.0,2.0,689100.00,0.8166666666666667,1.7000000000000000,46672,64796.29333333333,624303.7066666667
136865,PG0480,2016-12-11T09:25:00Z,2016-12-11T10:15:00Z,AAQ,Anapa,EGO,Belgorod,2016-12-11T09:29:00Z,2016-12-11T10:19:00Z,4.0,4.0,695400.00,0.8333333333333334,1.7000000000000000,45863,64972.58333333334,630427.4166666666
136866,PG0480,2016-12-28T09:25:00Z,2016-12-28T10:15:00Z,AAQ,Anapa,EGO,Belgorod,2016-12-28T09:28:00Z,2016-12-28T10:18:00Z,3.0,3.0,733800.00,0.8333333333333334,1.7000000000000000,45863,64972.58333333334,668827.4166666666
136869,PG0480,2017-01-31T09:25:00Z,2017-01-31T10:15:00Z,AAQ,Anapa,EGO,Belgorod,2017-01-31T09:26:00Z,2017-01-31T10:16:00Z,1.0,1.0,765300.00,0.8333333333333334,1.7000000000000000,48893,69265.08333333334,696034.9166666666
136871,PG0480,2017-01-13T09:25:00Z,2017-01-13T10:15:00Z,AAQ,Anapa,EGO,Belgorod,2017-01-13T09:28:00Z,2017-01-13T10:18:00Z,3.0,3.0,765300.00,0.8333333333333334,1.7000000000000000,48893,69265.08333333334,696034.9166666666
136872,PG0480,2016-12-14T09:25:00Z,2016-12-14T10:15:00Z,AAQ,Anapa,EGO,Belgorod,2016-12-14T09:26:00Z,2016-12-14T10:16:00Z,1.0,1.0,765300.00,0.8333333333333334,1.7000000000000000,45863,64972.58333333334,700327.4166666666
136873,PG0480,2016-12-03T09:25:00Z,2016-12-03T10:15:00Z,AAQ,Anapa,EGO,Belgorod,2016-12-03T09:26:00Z,2016-12-03T10:17:00Z,1.0,2.0,759000.00,0.85,1.7000000000000000,45863,66272.035,692727.965
136875,PG0480,2017-02-16T09:25:00Z,2017-02-16T10:15:00Z,AAQ,Anapa,EGO,Belgorod,2017-02-16T09:29:00Z,2017-02-16T10:19:00Z,4.0,4.0,765300.00,0.8333333333333334,1.7000000000000000,46672,66118.66666666667,699181.3333333334
136886,PG0480,2016-12-16T09:25:00Z,2016-12-16T10:15:00Z,AAQ,Anapa,EGO,Belgorod,2016-12-16T09:26:00Z,2016-12-16T10:16:00Z,1.0,1.0,721200.00,0.8333333333333334,1.7000000000000000,45863,64972.58333333334,656227.4166666666
136887,PG0480,2017-01-20T09:25:00Z,2017-01-20T10:15:00Z,AAQ,Anapa,EGO,Belgorod,2017-01-20T09:30:00Z,2017-01-20T10:19:00Z,5.0,4.0,595200.00,0.8166666666666667,1.7000000000000000,48893,67879.78166666668,527320.2183333334
136888,PG0480,2017-02-14T09:25:00Z,2017-02-14T10:15:00Z,AAQ,Anapa,EGO,Belgorod,2017-02-14T09:29:00Z,2017-02-14T10:19:00Z,4.0,4.0,626100.00,0.8333333333333334,1.7000000000000000,46672,66118.66666666667,559981.3333333334
136900,PG0480,2017-02-01T09:25:00Z,2017-02-01T10:15:00Z,AAQ,Anapa,EGO,Belgorod,2017-02-01T09:30:00Z,2017-02-01T10:21:00Z,5.0,6.0,765300.00,0.85,1.7000000000000000,46672,67441.04,697858.96
136907,PG0480,2017-01-16T09:25:00Z,2017-01-16T10:15:00Z,AAQ,Anapa,EGO,Belgorod,2017-01-16T09:31:00Z,2017-01-16T10:22:00Z,6.0,7.0,759000.00,0.85,1.7000000000000000,48893,70650.38500000001,688349.615
136911,PG0480,2016-12-12T09:25:00Z,2016-12-12T10:15:00Z,AAQ,Anapa,EGO,Belgorod,2016-12-12T13:05:00Z,2016-12-12T13:55:00Z,220.0,220.0,676500.00,0.8333333333333334,1.7000000000000000,45863,64972.58333333334,611527.4166666666
136913,PG0480,2016-12-10T09:25:00Z,2016-12-10T10:15:00Z,AAQ,Anapa,EGO,Belgorod,2016-12-10T09:30:00Z,2016-12-10T10:19:00Z,5.0,4.0,695400.00,0.8166666666666667,1.7000000000000000,45863,63673.13166666667,631726.8683333333
136922,PG0480,2017-02-11T09:25:00Z,2017-02-11T10:15:00Z,AAQ,Anapa,EGO,Belgorod,2017-02-11T09:27:00Z,2017-02-11T10:17:00Z,2.0,2.0,607800.00,0.8333333333333334,1.7000000000000000,46672,66118.66666666667,541681.3333333334
136927,PG0480,2017-01-22T09:25:00Z,2017-01-22T10:15:00Z,AAQ,Anapa,EGO,Belgorod,2017-01-22T09:28:00Z,2017-01-22T10:19:00Z,3.0,4.0,765300.00,0.85,1.7000000000000000,48893,70650.38500000001,694649.615
136929,PG0480,2016-12-31T09:25:00Z,2016-12-31T10:15:00Z,AAQ,Anapa,EGO,Belgorod,2016-12-31T09:25:00Z,2016-12-31T10:15:00Z,0.0,0.0,631800.00,0.8333333333333334,1.7000000000000000,45863,64972.58333333334,566827.4166666666
136936,PG0480,2017-01-02T09:25:00Z,2017-01-02T10:15:00Z,AAQ,Anapa,EGO,Belgorod,2017-01-02T09:28:00Z,2017-01-02T10:18:00Z,3.0,3.0,632400.00,0.8333333333333334,1.7000000000000000,48893,69265.08333333334,563134.9166666666
136937,PG0480,2017-01-03T09:25:00Z,2017-01-03T10:15:00Z,AAQ,Anapa,EGO,Belgorod,2017-01-03T09:29:00Z,2017-01-03T10:19:00Z,4.0,4.0,626100.00,0.8333333333333334,1.7000000000000000,48893,69265.08333333334,556834.9166666666
136943,PG0480,2016-12-05T09:25:00Z,2016-12-05T10:15:00Z,AAQ,Anapa,EGO,Belgorod,2016-12-05T09:28:00Z,2016-12-05T10:18:00Z,3.0,3.0,733800.00,0.8333333333333334,1.7000000000000000,45863,64972.58333333334,668827.4166666666
136951,PG0480,2017-02-02T09:25:00Z,2017-02-02T10:15:00Z,AAQ,Anapa,EGO,Belgorod,2017-02-02T09:28:00Z,2017-02-02T10:17:00Z,3.0,2.0,720600.00,0.8166666666666667,1.7000000000000000,46672,64796.29333333333,655803.7066666667
136953,PG0480,2017-02-27T09:25:00Z,2017-02-27T10:15:00Z,AAQ,Anapa,EGO,Belgorod,2017-02-27T09:27:00Z,2017-02-27T10:17:00Z,2.0,2.0,765300.00,0.8333333333333334,1.7000000000000000,46672,66118.66666666667,699181.3333333334
136956,PG0480,2017-02-04T09:25:00Z,2017-02-04T10:15:00Z,AAQ,Anapa,EGO,Belgorod,2017-02-04T09:33:00Z,2017-02-04T10:23:00Z,8.0,8.0,746400.00,0.8333333333333334,1.7000000000000000,46672,66118.66666666667,680281.3333333334
136961,PG0480,2016-12-21T09:25:00Z,2016-12-21T10:15:00Z,AAQ,Anapa,EGO,Belgorod,2016-12-21T09:27:00Z,2016-12-21T10:16:00Z,2.0,1.0,759000.00,0.8166666666666667,1.7000000000000000,45863,63673.13166666667,695326.8683333333
